,storeNum,Weekind,p1sales,p2sales,treated
0,101,1,359,436,0
1,101,2,367,439,0
2,101,3,360,435,0
3,101,4,364,531,0
4,101,5,360,439,0
5,101,6,364,435,0
6,101,7,362,525,0
7,101,8,405,431,0
8,101,9,364,442,0
9,101,10,359,438,0
10,101,11,365,438,0
11,101,12,367,439,0
12,101,13,390,441,0
13,101,14,361,435,0
14,101,15,365,441,0
15,101,16,356,437,0
16,101,17,356,529,0
17,101,18,363,437,0
18,101,19,393,435,0
19,101,20,360,445,0
20,101,21,354,442,0
21,101,22,400,521,0
22,101,23,398,437,0
23,101,24,361,525,0
24,101,25,362,439,0
25,101,26,361,439,0
26,101,27,363,440,0
27,101,28,403,433,0
28,101,29,359,441,0
29,101,30,399,435,0
30,101,31,359,436,0
31,101,32,361,437,0
32,101,33,356,439,0
33,101,34,364,439,0
34,101,35,359,433,0
35,101,36,393,438,0
36,101,37,389,526,0
37,101,38,360,430,0
38,101,39,393,434,0
39,101,40,356,440,0
40,101,41,360,438,0
41,101,42,362,527,0
42,101,43,359,430,0
43,101,44,358,441,0
44,101,45,361,436,0
45,101,46,364,436,0
46,101,47,402,434,0
47,101,48,364,436,0
48,101,49,394,528,0
49,101,50,358,439,0
50,101,51,366,432,0
51,101,52,357,434,0
52,101,53,357,438,0
53,101,54,357,437,0
54,101,55,354,437,0
55,101,56,361,439,0
56,101,57,393,437,0
57,101,58,359,518,0
58,101,59,358,435,0
59,101,60,363,432,0
60,101,61,361,437,0
61,101,62,354,520,0
62,101,63,358,435,0
63,101,64,395,437,0
64,101,65,360,438,0
65,101,66,363,433,0
66,101,67,355,436,0
67,101,68,360,437,0
68,101,69,360,429,0
69,101,70,354,435,0
70,101,71,394,433,0
71,101,72,359,438,0
72,101,73,360,435,0
73,101,74,357,430,0
74,101,75,363,437,0
75,101,76,354,517,0
76,101,77,356,434,0
77,101,78,360,429,0
78,101,79,359,435,0
79,101,80,357,436,0
80,101,81,362,434,0
81,101,82,359,436,0
82,101,83,355,440,0
83,101,84,358,435,0
84,101,85,358,520,0
85,101,86,361,436,0
86,101,87,395,517,0
87,101,88,354,434,0
88,101,89,354,436,0
89,101,90,392,512,0
90,101,91,385,435,0
91,101,92,402,434,0
92,101,93,350,441,0
93,101,94,359,515,0
94,101,95,362,426,0
95,101,96,390,516,0
96,101,97,354,436,0
97,101,98,357,433,0
98,101,99,359,429,0
99,101,100,353,432,0
100,101,101,398,433,0
101,101,102,356,523,0
102,101,103,357,525,0
103,101,104,397,433,0
104,102,1,342,430,0
105,102,2,342,434,0
106,102,3,338,421,0
107,102,4,337,512,0
108,102,5,337,422,0
109,102,6,333,428,0
110,102,7,337,506,0
111,102,8,364,426,0
112,102,9,335,424,0
113,102,10,336,423,0
114,102,11,333,417,0
115,102,12,337,421,0
116,102,13,359,412,0
117,102,14,326,418,0
118,102,15,330,414,0
119,102,16,331,414,0
120,102,17,321,494,0
121,102,18,332,415,0
122,102,19,361,409,0
123,102,20,328,413,0
124,102,21,323,411,0
125,102,22,357,487,0
126,102,23,355,405,0
127,102,24,317,482,0
128,102,25,318,410,0
129,102,26,312,403,0
130,102,27,317,401,0
131,102,28,350,403,0
132,102,29,311,406,0
133,102,30,344,399,0
134,102,31,314,396,0
135,102,32,313,402,0
136,102,33,316,398,0
137,102,34,315,398,0
138,102,35,306,397,0
139,102,36,338,398,0
140,102,37,335,475,0
141,102,38,304,398,0
142,102,39,337,398,0
143,102,40,306,390,0
144,102,41,301,388,0
145,102,42,298,470,0
146,102,43,305,393,0
147,102,44,298,386,0
148,102,45,301,380,0
149,102,46,301,383,0
150,102,47,324,391,0
151,102,48,295,382,0
152,102,49,327,465,0
153,102,50,290,383,0
154,102,51,298,384,0
155,102,52,292,381,0
156,102,53,303,383,0
157,102,54,295,374,0
158,102,55,293,381,0
159,102,56,290,377,0
160,102,57,318,379,0
161,102,58,286,449,0
162,102,59,286,378,0
163,102,60,288,370,0
164,102,61,286,376,0
165,102,62,286,451,0
166,102,63,280,380,0
167,102,64,310,382,0
168,102,65,285,367,0
169,102,66,281,370,0
170,102,67,280,367,0
171,102,68,276,369,0
172,102,69,276,370,0
173,102,70,279,365,0
174,102,71,303,365,0
175,102,72,275,363,0
176,102,73,273,364,0
177,102,74,283,367,0
178,102,75,277,359,0
179,102,76,271,425,0
180,102,77,270,365,0
181,102,78,268,362,0
182,102,79,266,360,0
183,102,80,271,359,0
184,102,81,268,356,0
185,102,82,266,361,0
186,102,83,267,356,0
187,102,84,264,348,0
188,102,85,260,426,0
189,102,86,260,350,0
190,102,87,290,420,0
191,102,88,261,353,0
192,102,89,261,344,0
193,102,90,287,421,0
194,102,91,285,344,0
195,102,92,288,346,0
196,102,93,252,348,0
197,102,94,259,408,0
198,102,95,254,340,0
199,102,96,281,411,0
200,102,97,252,343,0
201,102,98,251,339,0
202,102,99,252,335,0
203,102,100,250,337,0
204,102,101,272,332,0
205,102,102,247,403,0
206,102,103,250,403,0
207,102,104,265,341,0
208,103,1,462,564,0
209,103,2,459,573,0
210,103,3,457,568,0
211,103,4,457,683,0
212,103,5,460,566,0
213,103,6,461,576,0
214,103,7,465,686,0
215,103,8,508,572,0
216,103,9,460,569,0
217,103,10,464,577,0
218,103,11,463,575,0
219,103,12,466,580,0
220,103,13,510,570,0
221,103,14,468,576,0
222,103,15,464,573,0
223,103,16,466,577,0
224,103,17,466,695,0
225,103,18,468,576,0
226,103,19,516,574,0
227,103,20,464,577,0
228,103,21,470,580,0
229,103,22,514,695,0
230,103,23,519,582,0
231,103,24,468,704,0
232,103,25,474,582,0
233,103,26,469,583,0
234,103,27,473,579,0
235,103,28,518,581,0
236,103,29,475,585,0
237,103,30,523,586,0
238,103,31,472,585,0
239,103,32,467,591,0
240,103,33,475,587,0
241,103,34,475,585,0
242,103,35,475,582,0
243,103,36,526,586,0
244,103,37,517,698,0
245,103,38,475,587,0
246,103,39,527,591,0
247,103,40,484,583,0
248,103,41,476,593,0
249,103,42,482,714,0
250,103,43,483,593,0
251,103,44,476,593,0
252,103,45,478,589,0
253,103,46,479,595,0
254,103,47,536,592,0
255,103,48,479,598,0
256,103,49,536,706,0
257,103,50,486,599,0
258,103,51,488,592,0
259,103,52,485,600,0
260,103,53,489,592,0
261,103,54,481,597,0
262,103,55,486,596,0
263,103,56,483,597,0
264,103,57,541,598,0
265,103,58,489,713,0
266,103,59,493,596,0
267,103,60,484,599,0
268,103,61,490,595,0
269,103,62,493,712,0
270,103,63,490,597,0
271,103,64,539,595,0
272,103,65,493,599,0
273,103,66,494,595,0
274,103,67,489,608,0
275,103,68,487,599,0
276,103,69,496,598,0
277,103,70,490,600,0
278,103,71,546,608,0
279,103,72,493,600,0
280,103,73,492,603,0
281,103,74,501,609,0
282,103,75,493,607,0
283,103,76,501,726,0
284,103,77,494,611,0
285,103,78,496,606,0
286,103,79,491,610,0
287,103,80,500,609,0
288,103,81,499,613,0
289,103,82,496,615,0
290,103,83,499,608,0
291,103,84,499,606,0
292,103,85,497,735,0
293,103,86,501,609,0
294,103,87,557,729,0
295,103,88,504,612,0
296,103,89,499,613,0
297,103,90,556,742,0
298,103,91,555,613,0
299,103,92,557,613,0
300,103,93,507,612,0
301,103,94,502,739,0
302,103,95,508,617,0
303,103,96,555,745,0
304,103,97,506,619,0
305,103,98,510,621,0
306,103,99,504,621,0
307,103,100,504,617,0
308,103,101,557,616,0
309,103,102,509,747,0
310,103,103,505,750,0
311,103,104,564,620,0
312,104,1,377,444,0
313,104,2,374,449,0
314,104,3,379,441,0
315,104,4,374,534,0
316,104,5,378,452,0
317,104,6,382,448,0
318,104,7,380,534,0
319,104,8,415,448,0
320,104,9,383,449,0
321,104,10,386,451,0
322,104,11,375,453,0
323,104,12,379,453,0
324,104,13,420,455,0
325,104,14,384,451,0
326,104,15,390,449,0
327,104,16,388,454,0
328,104,17,390,556,0
329,104,18,381,450,0
330,104,19,422,453,0
331,104,20,388,459,0
332,104,21,383,457,0
333,104,22,435,545,0
334,104,23,430,459,0
335,104,24,387,550,0
336,104,25,388,455,0
337,104,26,390,453,0
338,104,27,393,459,0
339,104,28,428,460,0
340,104,29,388,462,0
341,104,30,431,459,0
342,104,31,402,465,0
343,104,32,390,462,0
344,104,33,393,458,0
345,104,34,390,466,0
346,104,35,390,462,0
347,104,36,434,469,0
348,104,37,440,556,0
349,104,38,397,467,0
350,104,39,440,464,0
351,104,40,397,471,0
352,104,41,401,474,0
353,104,42,399,559,0
354,104,43,397,465,0
355,104,44,394,470,0
356,104,45,401,472,0
357,104,46,396,469,0
358,104,47,435,468,0
359,104,48,399,472,0
360,104,49,447,569,0
361,104,50,403,470,0
362,104,51,397,470,0
363,104,52,401,474,0
364,104,53,409,469,0
365,104,54,404,467,0
366,104,55,397,476,0
367,104,56,408,472,0
368,104,57,452,473,0
369,104,58,408,575,0
370,104,59,405,471,0
371,104,60,410,477,0
372,104,61,403,483,0
373,104,62,408,571,0
374,104,63,410,477,0
375,104,64,459,475,0
376,104,65,413,479,0
377,104,66,411,478,0
378,104,67,409,480,0
379,104,68,409,477,0
380,104,69,414,479,0
381,104,70,413,480,0
382,104,71,449,484,0
383,104,72,409,484,0
384,104,73,416,481,0
385,104,74,415,478,0
386,104,75,413,483,0
387,104,76,419,581,0
388,104,77,417,487,0
389,104,78,420,484,0
390,104,79,420,485,0
391,104,80,416,486,0
392,104,81,419,488,0
393,104,82,412,487,0
394,104,83,423,488,0
395,104,84,422,488,0
396,104,85,418,590,0
397,104,86,419,492,0
398,104,87,461,594,0
399,104,88,421,489,0
400,104,89,421,484,0
401,104,90,463,585,0
402,104,91,462,490,0
403,104,92,466,495,0
404,104,93,424,488,0
405,104,94,424,593,0
406,104,95,422,495,0
407,104,96,472,602,0
408,104,97,429,496,0
409,104,98,427,499,0
410,104,99,431,498,0
411,104,100,431,503,0
412,104,101,474,497,0
413,104,102,429,599,0
414,104,103,429,602,0
415,104,104,476,497,0
416,105,1,256,343,0
417,105,2,252,278,0
418,105,3,252,275,0
419,105,4,255,277,0
420,105,5,280,331,0
421,105,6,251,329,0
422,105,7,252,277,0
423,105,8,249,272,0
424,105,9,243,270,0
425,105,10,239,279,0
426,105,11,264,272,0
427,105,12,248,265,0
428,105,13,245,267,0
429,105,14,265,268,0
430,105,15,239,330,0
431,105,16,241,268,0
432,105,17,243,271,0
433,105,18,238,263,0
434,105,19,268,261,0
435,105,20,240,263,0
436,105,21,240,259,0
437,105,22,232,263,0
438,105,23,236,269,0
439,105,24,238,258,0
440,105,25,238,253,0
441,105,26,232,261,0
442,105,27,231,257,0
443,105,28,229,259,0
444,105,29,225,257,0
445,105,30,247,260,0
446,105,31,254,254,0
447,105,32,231,247,0
448,105,33,231,259,0
449,105,34,248,252,0
450,105,35,224,252,0
451,105,36,248,299,0
452,105,37,225,247,0
453,105,38,219,245,0
454,105,39,243,245,0
455,105,40,223,248,0
456,105,41,215,240,0
457,105,42,225,241,0
458,105,43,215,243,0
459,105,44,219,250,0
460,105,45,216,236,0
461,105,46,214,248,0
462,105,47,214,242,0
463,105,48,213,242,0
464,105,49,242,244,0
465,105,50,232,234,0
466,105,51,213,236,0
467,105,52,214,273,0
468,105,53,206,235,0
469,105,54,230,232,0
470,105,55,211,277,0
471,105,56,204,229,0
472,105,57,211,232,0
473,105,58,229,231,0
474,105,59,222,230,0
475,105,60,205,230,0
476,105,61,208,228,0
477,105,62,201,229,0
478,105,63,199,230,0
479,105,64,200,231,0
480,105,65,198,229,0
481,105,66,200,222,0
482,105,67,199,227,0
483,105,68,199,225,0
484,105,69,199,270,0
485,105,70,197,223,0
486,105,71,212,221,0
487,105,72,193,218,0
488,105,73,193,262,0
489,105,74,197,217,0
490,105,75,191,217,0
491,105,76,192,215,0
492,105,77,209,215,0
493,105,78,183,217,0
494,105,79,184,212,0
495,105,80,205,210,0
496,105,81,209,212,0
497,105,82,208,210,0
498,105,83,196,211,0
499,105,84,209,211,0
500,105,85,182,210,0
501,105,86,179,210,0
502,105,87,198,206,0
503,105,88,175,209,0
504,105,89,182,213,0
505,105,90,182,200,0
506,105,91,173,212,0
507,105,92,190,200,0
508,105,93,175,196,0
509,105,94,179,199,0
510,105,95,193,200,0
511,105,96,171,197,0
512,105,97,177,193,0
513,105,98,171,196,0
514,105,99,169,239,0
515,105,100,166,193,0
516,105,101,168,188,0
517,105,102,180,195,0
518,105,103,163,234,0
519,105,104,172,231,0
520,106,1,396,553,0
521,106,2,399,460,0
522,106,3,393,462,0
523,106,4,398,465,0
524,106,5,440,548,0
525,106,6,397,550,0
526,106,7,404,467,0
527,106,8,398,459,0
528,106,9,397,465,0
529,106,10,401,466,0
530,106,11,440,463,0
531,106,12,399,469,0
532,106,13,397,463,0
533,106,14,441,461,0
534,106,15,403,557,0
535,106,16,404,468,0
536,106,17,403,472,0
537,106,18,402,470,0
538,106,19,439,469,0
539,106,20,404,464,0
540,106,21,400,469,0
541,106,22,402,466,0
542,106,23,403,470,0
543,106,24,405,475,0
544,106,25,403,472,0
545,106,26,404,472,0
546,106,27,407,468,0
547,106,28,409,476,0
548,106,29,410,474,0
549,106,30,443,471,0
550,106,31,447,475,0
551,106,32,407,473,0
552,106,33,408,471,0
553,106,34,449,473,0
554,106,35,408,471,0
555,106,36,453,573,0
556,106,37,415,482,0
557,106,38,405,468,0
558,106,39,445,478,0
559,106,40,409,474,0
560,106,41,411,471,0
561,106,42,413,473,0
562,106,43,412,475,0
563,106,44,410,478,0
564,106,45,413,481,0
565,106,46,414,475,0
566,106,47,414,480,0
567,106,48,408,484,0
568,106,49,453,476,0
569,106,50,448,486,0
570,106,51,416,476,0
571,106,52,413,577,0
572,106,53,418,477,0
573,106,54,453,477,0
574,106,55,418,573,0
575,106,56,418,478,0
576,106,57,412,479,0
577,106,58,455,471,0
578,106,59,458,484,0
579,106,60,420,485,0
580,106,61,419,479,0
581,106,62,412,483,0
582,106,63,415,480,0
583,106,64,420,477,0
584,106,65,418,485,0
585,106,66,415,485,0
586,106,67,419,487,0
587,106,68,422,481,0
588,106,69,423,579,0
589,106,70,415,488,0
590,106,71,460,482,0
591,106,72,423,484,0
592,106,73,422,583,0
593,106,74,416,493,0
594,106,75,422,488,0
595,106,76,425,490,0
596,106,77,462,489,0
597,106,78,424,484,0
598,106,79,425,484,0
599,106,80,470,495,0
600,106,81,466,488,0
601,106,82,463,488,0
602,106,83,464,486,0
603,106,84,463,489,0
604,106,85,427,488,0
605,106,86,424,492,0
606,106,87,470,488,0
607,106,88,429,491,0
608,106,89,428,486,0
609,106,90,431,498,0
610,106,91,428,491,0
611,106,92,468,488,0
612,106,93,438,493,0
613,106,94,434,491,0
614,106,95,472,491,0
615,106,96,424,491,0
616,106,97,430,494,0
617,106,98,429,497,0
618,106,99,429,593,0
619,106,100,429,495,0
620,106,101,435,491,0
621,106,102,480,493,0
622,106,103,433,593,0
623,106,104,431,597,0
624,107,1,352,472,0
625,107,2,353,395,0
626,107,3,351,391,0
627,107,4,355,394,0
628,107,5,391,473,0
629,107,6,354,479,0
630,107,7,352,399,0
631,107,8,352,400,0
632,107,9,353,397,0
633,107,10,352,397,0
634,107,11,386,395,0
635,107,12,350,399,0
636,107,13,348,397,0
637,107,14,389,401,0
638,107,15,353,475,0
639,107,16,358,397,0
640,107,17,356,406,0
641,107,18,354,400,0
642,107,19,394,392,0
643,107,20,347,398,0
644,107,21,359,404,0
645,107,22,356,398,0
646,107,23,357,405,0
647,107,24,362,405,0
648,107,25,360,395,0
649,107,26,359,401,0
650,107,27,359,398,0
651,107,28,357,400,0
652,107,29,355,407,0
653,107,30,394,403,0
654,107,31,391,404,0
655,107,32,361,401,0
656,107,33,354,404,0
657,107,34,393,398,0
658,107,35,362,399,0
659,107,36,395,484,0
660,107,37,365,404,0
661,107,38,364,402,0
662,107,39,396,401,0
663,107,40,357,406,0
664,107,41,357,414,0
665,107,42,364,405,0
666,107,43,363,405,0
667,107,44,366,405,0
668,107,45,364,411,0
669,107,46,364,406,0
670,107,47,362,412,0
671,107,48,361,405,0
672,107,49,397,413,0
673,107,50,402,414,0
674,107,51,366,410,0
675,107,52,365,492,0
676,107,53,362,410,0
677,107,54,398,405,0
678,107,55,367,493,0
679,107,56,366,395,0
680,107,57,365,410,0
681,107,58,396,407,0
682,107,59,410,407,0
683,107,60,364,408,0
684,107,61,364,410,0
685,107,62,369,410,0
686,107,63,365,411,0
687,107,64,369,408,0
688,107,65,366,414,0
689,107,66,371,414,0
690,107,67,361,410,0
691,107,68,361,417,0
692,107,69,366,494,0
693,107,70,363,413,0
694,107,71,400,416,0
695,107,72,368,410,0
696,107,73,366,490,0
697,107,74,368,416,0
698,107,75,365,410,0
699,107,76,371,418,0
700,107,77,409,413,0
701,107,78,368,410,0
702,107,79,377,413,0
703,107,80,406,417,0
704,107,81,410,412,0
705,107,82,413,411,0
706,107,83,410,416,0
707,107,84,409,419,0
708,107,85,370,417,0
709,107,86,368,412,0
710,107,87,408,414,0
711,107,88,368,420,0
712,107,89,374,415,0
713,107,90,372,421,0
714,107,91,371,418,0
715,107,92,412,418,0
716,107,93,374,415,0
717,107,94,373,415,0
718,107,95,408,420,0
719,107,96,377,419,0
720,107,97,376,420,0
721,107,98,377,416,0
722,107,99,374,506,0
723,107,100,374,423,0
724,107,101,374,423,0
725,107,102,416,419,0
726,107,103,372,505,0
727,107,104,375,509,0
728,108,1,292,405,0
729,108,2,289,327,0
730,108,3,291,323,0
731,108,4,294,322,0
732,108,5,325,390,0
733,108,6,289,388,0
734,108,7,287,329,0
735,108,8,290,322,0
736,108,9,284,324,0
737,108,10,282,331,0
738,108,11,311,327,0
739,108,12,284,329,0
740,108,13,284,317,0
741,108,14,314,325,0
742,108,15,281,381,0
743,108,16,276,317,0
744,108,17,280,313,0
745,108,18,278,314,0
746,108,19,304,319,0
747,108,20,275,318,0
748,108,21,275,322,0
749,108,22,276,318,0
750,108,23,278,315,0
751,108,24,275,319,0
752,108,25,277,305,0
753,108,26,272,312,0
754,108,27,272,310,0
755,108,28,272,315,0
756,108,29,276,313,0
757,108,30,298,312,0
758,108,31,297,310,0
759,108,32,268,305,0
760,108,33,259,304,0
761,108,34,296,308,0
762,108,35,268,306,0
763,108,36,292,367,0
764,108,37,265,301,0
765,108,38,265,307,0
766,108,39,290,303,0
767,108,40,258,301,0
768,108,41,267,299,0
769,108,42,261,302,0
770,108,43,262,297,0
771,108,44,254,307,0
772,108,45,256,300,0
773,108,46,258,293,0
774,108,47,256,295,0
775,108,48,256,295,0
776,108,49,287,296,0
777,108,50,278,298,0
778,108,51,252,291,0
779,108,52,255,347,0
780,108,53,248,293,0
781,108,54,279,292,0
782,108,55,252,355,0
783,108,56,248,289,0
784,108,57,249,285,0
785,108,58,278,288,0
786,108,59,275,290,0
787,108,60,254,291,0
788,108,61,251,285,0
789,108,62,249,285,0
790,108,63,245,288,0
791,108,64,246,284,0
792,108,65,246,284,0
793,108,66,246,285,0
794,108,67,244,287,0
795,108,68,249,287,0
796,108,69,243,340,0
797,108,70,247,286,0
798,108,71,259,278,0
799,108,72,242,277,0
800,108,73,239,333,0
801,108,74,242,276,0
802,108,75,242,282,0
803,108,76,235,279,0
804,108,77,259,278,0
805,108,78,238,280,0
806,108,79,237,276,0
807,108,80,261,278,0
808,108,81,257,269,0
809,108,82,259,272,0
810,108,83,257,272,0
811,108,84,251,262,0
812,108,85,228,272,0
813,108,86,225,270,0
814,108,87,251,269,0
815,108,88,231,267,0
816,108,89,228,272,0
817,108,90,224,265,0
818,108,91,232,265,0
819,108,92,244,265,0
820,108,93,225,263,0
821,108,94,229,261,0
822,108,95,253,263,0
823,108,96,223,262,0
824,108,97,224,264,0
825,108,98,223,261,0
826,108,99,227,318,0
827,108,100,227,263,0
828,108,101,222,259,0
829,108,102,237,257,0
830,108,103,223,309,0
831,108,104,218,310,0
832,109,1,286,306,0
833,109,2,286,308,0
834,109,3,285,313,0
835,109,4,283,310,0
836,109,5,283,374,0
837,109,6,289,303,0
838,109,7,322,309,0
839,109,8,289,308,0
840,109,9,287,311,0
841,109,10,283,307,0
842,109,11,286,317,0
843,109,12,288,317,0
844,109,13,289,381,0
845,109,14,294,314,0
846,109,15,323,310,0
847,109,16,289,320,0
848,109,17,294,312,0
849,109,18,290,314,0
850,109,19,290,311,0
851,109,20,290,316,0
852,109,21,293,387,0
853,109,22,291,317,0
854,109,23,289,312,0
855,109,24,292,317,0
856,109,25,290,317,0
857,109,26,291,321,0
858,109,27,297,319,0
859,109,28,289,322,0
860,109,29,325,320,0
861,109,30,328,316,0
862,109,31,300,311,0
863,109,32,295,323,0
864,109,33,293,321,0
865,109,34,295,315,0
866,109,35,296,321,0
867,109,36,329,322,0
868,109,37,326,319,0
869,109,38,301,325,0
870,109,39,300,387,0
871,109,40,296,320,0
872,109,41,297,321,0
873,109,42,297,317,0
874,109,43,294,323,0
875,109,44,296,323,0
876,109,45,329,333,0
877,109,46,300,396,0
878,109,47,299,327,0
879,109,48,302,328,0
880,109,49,303,325,0
881,109,50,295,331,0
882,109,51,303,329,0
883,109,52,301,396,0
884,109,53,302,388,0
885,109,54,301,326,0
886,109,55,299,323,0
887,109,56,300,328,0
888,109,57,304,328,0
889,109,58,300,325,0
890,109,59,304,328,0
891,109,60,302,325,0
892,109,61,333,328,0
893,109,62,306,326,0
894,109,63,336,322,0
895,109,64,304,399,0
896,109,65,304,332,0
897,109,66,307,397,0
898,109,67,336,328,0
899,109,68,305,330,0
900,109,69,311,326,0
901,109,70,309,399,0
902,109,71,305,403,0
903,109,72,313,333,0
904,109,73,310,333,0
905,109,74,305,331,0
906,109,75,303,403,0
907,109,76,310,328,0
908,109,77,340,399,0
909,109,78,343,403,1
910,109,79,329,294,1
911,109,80,327,372,1
912,109,81,328,365,1
913,109,82,329,299,1
914,109,83,328,359,1
915,109,84,366,294,1
916,109,85,334,370,1
917,109,86,333,298,1
918,109,87,327,365,1
919,109,88,327,295,1
920,109,89,334,302,1
921,109,90,332,291,1
922,109,91,340,291,1
923,109,92,331,299,1
924,109,93,330,368,1
925,109,94,369,297,1
926,109,95,334,304,1
927,109,96,372,298,1
928,109,97,337,369,1
929,109,98,339,309,1
930,109,99,367,305,1
931,109,100,339,374,1
932,109,101,336,301,1
933,109,102,372,300,1
934,109,103,371,302,1
935,109,104,339,300,1
936,110,1,305,333,0
937,110,2,299,331,0
938,110,3,301,334,0
939,110,4,305,330,0
940,110,5,305,388,0
941,110,6,304,329,0
942,110,7,331,326,0
943,110,8,303,337,0
944,110,9,301,329,0
945,110,10,301,325,0
946,110,11,302,328,0
947,110,12,299,331,0
948,110,13,300,394,0
949,110,14,301,331,0
950,110,15,327,325,0
951,110,16,296,330,0
952,110,17,303,329,0
953,110,18,293,320,0
954,110,19,298,329,0
955,110,20,303,327,0
956,110,21,307,393,0
957,110,22,298,328,0
958,110,23,300,328,0
959,110,24,298,330,0
960,110,25,300,328,0
961,110,26,299,330,0
962,110,27,299,326,0
963,110,28,295,328,0
964,110,29,326,330,0
965,110,30,330,325,0
966,110,31,299,328,0
967,110,32,300,326,0
968,110,33,297,328,0
969,110,34,299,323,0
970,110,35,294,326,0
971,110,36,326,324,0
972,110,37,322,323,0
973,110,38,289,322,0
974,110,39,298,387,0
975,110,40,299,324,0
976,110,41,303,321,0
977,110,42,298,319,0
978,110,43,289,328,0
979,110,44,288,323,0
980,110,45,325,324,0
981,110,46,295,382,0
982,110,47,288,325,0
983,110,48,293,323,0
984,110,49,296,318,0
985,110,50,293,324,0
986,110,51,288,317,0
987,110,52,297,381,0
988,110,53,289,384,0
989,110,54,295,315,0
990,110,55,297,318,0
991,110,56,296,319,0
992,110,57,302,317,0
993,110,58,295,322,0
994,110,59,292,316,0
995,110,60,288,321,0
996,110,61,314,327,0
997,110,62,297,312,0
998,110,63,321,320,0
999,110,64,292,389,0
1000,110,65,289,315,0
1001,110,66,292,385,0
1002,110,67,317,313,0
1003,110,68,295,316,0
1004,110,69,287,318,0
1005,110,70,288,379,0
1006,110,71,293,383,0
1007,110,72,288,320,0
1008,110,73,290,316,0
1009,110,74,288,317,0
1010,110,75,288,377,0
1011,110,76,282,319,0
1012,110,77,314,381,0
1013,110,78,313,385,0
1014,110,79,289,314,0
1015,110,80,290,370,0
1016,110,81,291,377,0
1017,110,82,286,309,0
1018,110,83,285,376,0
1019,110,84,321,311,0
1020,110,85,288,376,0
1021,110,86,282,311,0
1022,110,87,281,375,0
1023,110,88,283,316,0
1024,110,89,289,313,0
1025,110,90,284,316,0
1026,110,91,285,317,0
1027,110,92,291,309,0
1028,110,93,286,380,0
1029,110,94,314,317,0
1030,110,95,277,313,0
1031,110,96,321,315,0
1032,110,97,291,376,0
1033,110,98,285,313,0
1034,110,99,305,315,0
1035,110,100,288,372,0
1036,110,101,284,308,0
1037,110,102,308,306,0
1038,110,103,315,312,0
1039,110,104,284,310,0
1040,111,1,284,323,0
1041,111,2,284,327,0
1042,111,3,286,317,0
1043,111,4,282,323,0
1044,111,5,280,380,0
1045,111,6,282,319,0
1046,111,7,305,321,0
1047,111,8,278,316,0
1048,111,9,279,314,0
1049,111,10,276,311,0
1050,111,11,278,317,0
1051,111,12,269,315,0
1052,111,13,273,371,0
1053,111,14,271,315,0
1054,111,15,297,312,0
1055,111,16,275,309,0
1056,111,17,272,306,0
1057,111,18,266,303,0
1058,111,19,267,302,0
1059,111,20,265,304,0
1060,111,21,272,362,0
1061,111,22,271,299,0
1062,111,23,263,305,0
1063,111,24,266,303,0
1064,111,25,261,298,0
1065,111,26,259,300,0
1066,111,27,264,302,0
1067,111,28,262,303,0
1068,111,29,289,300,0
1069,111,30,287,295,0
1070,111,31,258,294,0
1071,111,32,253,298,0
1072,111,33,255,296,0
1073,111,34,255,291,0
1074,111,35,256,294,0
1075,111,36,279,290,0
1076,111,37,281,289,0
1077,111,38,253,283,0
1078,111,39,255,349,0
1079,111,40,243,294,0
1080,111,41,247,292,0
1081,111,42,251,286,0
1082,111,43,250,283,0
1083,111,44,246,280,0
1084,111,45,273,285,0
1085,111,46,250,334,0
1086,111,47,250,279,0
1087,111,48,243,277,0
1088,111,49,240,282,0
1089,111,50,242,276,0
1090,111,51,237,278,0
1091,111,52,244,330,0
1092,111,53,245,326,0
1093,111,54,238,277,0
1094,111,55,236,279,0
1095,111,56,235,273,0
1096,111,57,240,275,0
1097,111,58,239,270,0
1098,111,59,234,274,0
1099,111,60,233,267,0
1100,111,61,255,271,0
1101,111,62,233,267,0
1102,111,63,249,263,0
1103,111,64,233,318,0
1104,111,65,230,266,0
1105,111,66,230,317,0
1106,111,67,253,267,0
1107,111,68,226,258,0
1108,111,69,227,259,0
1109,111,70,226,313,0
1110,111,71,221,316,0
1111,111,72,225,264,0
1112,111,73,227,259,0
1113,111,74,227,262,0
1114,111,75,226,313,0
1115,111,76,218,259,0
1116,111,77,239,311,0
1117,111,78,233,305,0
1118,111,79,215,256,0
1119,111,80,212,307,0
1120,111,81,215,303,0
1121,111,82,214,248,0
1122,111,83,216,300,0
1123,111,84,234,256,0
1124,111,85,209,296,0
1125,111,86,215,248,0
1126,111,87,205,298,0
1127,111,88,209,244,0
1128,111,89,206,246,0
1129,111,90,206,248,0
1130,111,91,205,243,0
1131,111,92,199,250,0
1132,111,93,203,285,0
1133,111,94,228,240,0
1134,111,95,205,240,0
1135,111,96,221,239,0
1136,111,97,199,291,0
1137,111,98,199,232,0
1138,111,99,215,239,0
1139,111,100,205,287,0
1140,111,101,194,228,0
1141,111,102,211,230,0
1142,111,103,215,228,0
1143,111,104,197,234,0
1144,112,1,293,324,0
1145,112,2,292,322,0
1146,112,3,292,327,0
1147,112,4,292,323,0
1148,112,5,285,322,0
1149,112,6,288,390,0
1150,112,7,287,325,0
1151,112,8,290,324,0
1152,112,9,291,322,0
1153,112,10,290,325,0
1154,112,11,288,321,0
1155,112,12,289,320,0
1156,112,13,286,319,0
1157,112,14,288,377,0
1158,112,15,286,318,0
1159,112,16,286,319,0
1160,112,17,284,321,0
1161,112,18,285,312,0
1162,112,19,284,382,0
1163,112,20,280,312,0
1164,112,21,278,313,0
1165,112,22,281,315,0
1166,112,23,278,309,0
1167,112,24,280,307,0
1168,112,25,278,370,0
1169,112,26,277,311,0
1170,112,27,279,306,0
1171,112,28,282,308,0
1172,112,29,270,311,0
1173,112,30,277,308,0
1174,112,31,277,309,0
1175,112,32,280,308,0
1176,112,33,276,367,0
1177,112,34,275,303,0
1178,112,35,274,304,0
1179,112,36,278,303,0
1180,112,37,298,307,0
1181,112,38,270,366,0
1182,112,39,273,307,0
1183,112,40,268,302,0
1184,112,41,270,296,0
1185,112,42,295,361,0
1186,112,43,294,298,0
1187,112,44,291,296,0
1188,112,45,268,295,0
1189,112,46,292,303,0
1190,112,47,261,355,0
1191,112,48,266,367,0
1192,112,49,270,361,0
1193,112,50,263,301,0
1194,112,51,267,300,0
1195,112,52,267,293,0
1196,112,53,266,296,0
1197,112,54,260,297,0
1198,112,55,261,298,0
1199,112,56,262,294,0
1200,112,57,261,295,0
1201,112,58,261,295,0
1202,112,59,257,295,0
1203,112,60,261,287,0
1204,112,61,256,354,0
1205,112,62,288,291,0
1206,112,63,258,356,0
1207,112,64,258,289,0
1208,112,65,274,347,0
1209,112,66,256,285,0
1210,112,67,258,292,0
1211,112,68,253,289,0
1212,112,69,254,346,0
1213,112,70,251,285,0
1214,112,71,251,286,0
1215,112,72,285,282,0
1216,112,73,278,291,0
1217,112,74,253,284,0
1218,112,75,249,290,0
1219,112,76,254,341,0
1220,112,77,276,288,0
1221,112,78,274,280,0
1222,112,79,250,288,0
1223,112,80,254,279,0
1224,112,81,249,280,0
1225,112,82,247,337,0
1226,112,83,242,275,0
1227,112,84,250,275,0
1228,112,85,247,278,0
1229,112,86,250,279,0
1230,112,87,244,282,0
1231,112,88,242,275,0
1232,112,89,246,270,0
1233,112,90,242,282,0
1234,112,91,271,271,0
1235,112,92,266,273,0
1236,112,93,242,276,0
1237,112,94,268,274,0
1238,112,95,245,337,0
1239,112,96,240,273,0
1240,112,97,234,270,0
1241,112,98,238,323,0
1242,112,99,236,273,0
1243,112,100,237,272,0
1244,112,101,235,265,0
1245,112,102,241,271,0
1246,112,103,254,258,0
1247,112,104,234,266,0
1248,113,1,275,297,0
1249,113,2,286,297,0
1250,113,3,286,294,0
1251,113,4,279,296,0
1252,113,5,280,298,0
1253,113,6,283,353,0
1254,113,7,283,288,0
1255,113,8,282,301,0
1256,113,9,281,297,0
1257,113,10,281,292,0
1258,113,11,285,294,0
1259,113,12,278,295,0
1260,113,13,279,299,0
1261,113,14,277,357,0
1262,113,15,282,296,0
1263,113,16,281,298,0
1264,113,17,276,298,0
1265,113,18,275,305,0
1266,113,19,277,348,0
1267,113,20,275,296,0
1268,113,21,270,294,0
1269,113,22,277,297,0
1270,113,23,275,292,0
1271,113,24,279,289,0
1272,113,25,276,356,0
1273,113,26,278,296,0
1274,113,27,278,296,0
1275,113,28,281,295,0
1276,113,29,270,291,0
1277,113,30,275,298,0
1278,113,31,270,296,0
1279,113,32,277,290,0
1280,113,33,275,354,0
1281,113,34,282,292,0
1282,113,35,276,289,0
1283,113,36,279,286,0
1284,113,37,306,291,0
1285,113,38,277,350,0
1286,113,39,276,293,0
1287,113,40,274,287,0
1288,113,41,272,290,0
1289,113,42,300,356,0
1290,113,43,304,292,0
1291,113,44,307,291,0
1292,113,45,276,290,0
1293,113,46,295,290,0
1294,113,47,280,354,0
1295,113,48,274,345,0
1296,113,49,270,352,0
1297,113,50,275,285,0
1298,113,51,271,287,0
1299,113,52,269,293,0
1300,113,53,274,288,0
1301,113,54,275,291,0
1302,113,55,278,290,0
1303,113,56,268,290,0
1304,113,57,269,291,0
1305,113,58,273,287,0
1306,113,59,271,292,0
1307,113,60,271,284,0
1308,113,61,270,350,0
1309,113,62,303,287,0
1310,113,63,269,346,0
1311,113,64,269,285,0
1312,113,65,297,341,0
1313,113,66,275,288,0
1314,113,67,271,286,0
1315,113,68,270,287,0
1316,113,69,274,343,0
1317,113,70,268,287,0
1318,113,71,273,287,0
1319,113,72,291,283,0
1320,113,73,297,286,0
1321,113,74,263,286,0
1322,113,75,267,292,0
1323,113,76,265,343,0
1324,113,77,291,290,0
1325,113,78,294,289,0
1326,113,79,259,286,0
1327,113,80,267,281,0
1328,113,81,267,286,0
1329,113,82,271,333,0
1330,113,83,268,291,0
1331,113,84,263,288,0
1332,113,85,268,284,0
1333,113,86,273,277,0
1334,113,87,268,284,0
1335,113,88,268,289,0
1336,113,89,271,283,0
1337,113,90,269,285,0
1338,113,91,289,283,0
1339,113,92,296,282,0
1340,113,93,267,280,0
1341,113,94,291,282,0
1342,113,95,269,341,0
1343,113,96,264,282,0
1344,113,97,269,284,0
1345,113,98,265,336,0
1346,113,99,267,286,0
1347,113,100,264,285,0
1348,113,101,267,280,0
1349,113,102,261,278,0
1350,113,103,287,282,0
1351,113,104,259,282,0
1352,114,1,381,430,0
1353,114,2,379,431,0
1354,114,3,387,424,0
1355,114,4,380,433,0
1356,114,5,386,430,0
1357,114,6,424,430,0
1358,114,7,383,435,0
1359,114,8,383,521,0
1360,114,9,384,435,0
1361,114,10,382,433,0
1362,114,11,386,519,0
1363,114,12,378,431,0
1364,114,13,389,436,0
1365,114,14,387,437,0
1366,114,15,378,442,0
1367,114,16,386,436,0
1368,114,17,386,435,0
1369,114,18,387,440,0
1370,114,19,389,434,0
1371,114,20,390,438,0
1372,114,21,426,436,0
1373,114,22,390,446,0
1374,114,23,383,441,0
1375,114,24,395,440,0
1376,114,25,433,441,0
1377,114,26,433,435,0
1378,114,27,434,444,0
1379,114,28,387,445,0
1380,114,29,388,439,0
1381,114,30,386,442,0
1382,114,31,388,436,0
1383,114,32,433,442,0
1384,114,33,390,442,0
1385,114,34,387,439,0
1386,114,35,395,434,0
1387,114,36,392,527,0
1388,114,37,394,437,0
1389,114,38,398,442,0
1390,114,39,394,531,0
1391,114,40,396,443,0
1392,114,41,393,539,0
1393,114,42,399,448,0
1394,114,43,396,449,0
1395,114,44,400,448,0
1396,114,45,393,537,0
1397,114,46,395,534,0
1398,114,47,398,449,0
1399,114,48,401,446,0
1400,114,49,397,450,0
1401,114,50,436,444,0
1402,114,51,395,445,0
1403,114,52,394,540,0
1404,114,53,434,531,0
1405,114,54,402,451,0
1406,114,55,392,456,0
1407,114,56,401,450,0
1408,114,57,403,446,0
1409,114,58,393,451,0
1410,114,59,396,451,0
1411,114,60,399,451,0
1412,114,61,441,450,0
1413,114,62,404,457,0
1414,114,63,405,449,0
1415,114,64,396,456,0
1416,114,65,400,451,0
1417,114,66,400,451,0
1418,114,67,399,538,0
1419,114,68,396,547,0
1420,114,69,405,450,0
1421,114,70,396,547,0
1422,114,71,444,456,0
1423,114,72,404,458,0
1424,114,73,404,461,0
1425,114,74,401,452,0
1426,114,75,446,544,0
1427,114,76,407,454,0
1428,114,77,408,551,0
1429,114,78,400,455,0
1430,114,79,407,546,0
1431,114,80,446,546,0
1432,114,81,409,447,0
1433,114,82,398,455,0
1434,114,83,409,548,0
1435,114,84,446,457,0
1436,114,85,405,459,0
1437,114,86,445,460,0
1438,114,87,444,460,0
1439,114,88,446,459,0
1440,114,89,413,465,0
1441,114,90,408,461,0
1442,114,91,412,457,0
1443,114,92,405,466,0
1444,114,93,411,461,0
1445,114,94,408,465,0
1446,114,95,407,461,0
1447,114,96,411,460,0
1448,114,97,410,462,0
1449,114,98,415,461,0
1450,114,99,414,459,0
1451,114,100,416,462,0
1452,114,101,445,462,0
1453,114,102,422,462,0
1454,114,103,456,459,0
1455,114,104,412,467,0
1456,115,1,245,231,0
1457,115,2,240,235,0
1458,115,3,245,237,0
1459,115,4,242,238,0
1460,115,5,242,239,0
1461,115,6,263,233,0
1462,115,7,237,237,0
1463,115,8,242,276,0
1464,115,9,239,233,0
1465,115,10,245,229,0
1466,115,11,245,292,0
1467,115,12,245,232,0
1468,115,13,243,238,0
1469,115,14,246,235,0
1470,115,15,241,232,0
1471,115,16,240,233,0
1472,115,17,247,235,0
1473,115,18,238,235,0
1474,115,19,243,232,0
1475,115,20,236,235,0
1476,115,21,265,232,0
1477,115,22,244,232,0
1478,115,23,233,232,0
1479,115,24,243,240,0
1480,115,25,267,233,0
1481,115,26,267,236,0
1482,115,27,270,234,0
1483,115,28,242,230,0
1484,115,29,241,231,0
1485,115,30,241,236,0
1486,115,31,243,234,0
1487,115,32,266,232,0
1488,115,33,237,227,0
1489,115,34,240,232,0
1490,115,35,243,224,0
1491,115,36,239,278,0
1492,115,37,238,235,0
1493,115,38,241,235,0
1494,115,39,236,281,0
1495,115,40,244,227,0
1496,115,41,241,286,0
1497,115,42,245,226,0
1498,115,43,242,234,0
1499,115,44,238,233,0
1500,115,45,243,279,0
1501,115,46,239,274,0
1502,115,47,243,229,0
1503,115,48,238,229,0
1504,115,49,239,231,0
1505,115,50,261,231,0
1506,115,51,248,231,0
1507,115,52,239,280,0
1508,115,53,267,281,0
1509,115,54,240,231,0
1510,115,55,242,226,0
1511,115,56,238,231,0
1512,115,57,243,231,0
1513,115,58,242,229,0
1514,115,59,242,231,0
1515,115,60,241,230,0
1516,115,61,263,230,0
1517,115,62,237,236,0
1518,115,63,243,237,0
1519,115,64,244,227,0
1520,115,65,234,225,0
1521,115,66,236,232,0
1522,115,67,244,273,0
1523,115,68,242,282,0
1524,115,69,236,229,0
1525,115,70,236,278,0
1526,115,71,263,239,0
1527,115,72,237,236,0
1528,115,73,242,228,0
1529,115,74,242,229,0
1530,115,75,269,279,0
1531,115,76,241,225,0
1532,115,77,244,278,0
1533,115,78,240,233,0
1534,115,79,247,274,0
1535,115,80,266,275,0
1536,115,81,247,228,0
1537,115,82,241,228,0
1538,115,83,240,277,0
1539,115,84,264,231,0
1540,115,85,240,231,0
1541,115,86,263,227,0
1542,115,87,259,232,0
1543,115,88,261,228,0
1544,115,89,237,234,0
1545,115,90,239,232,0
1546,115,91,239,234,0
1547,115,92,241,230,0
1548,115,93,243,234,0
1549,115,94,240,231,0
1550,115,95,240,228,0
1551,115,96,233,229,0
1552,115,97,238,231,0
1553,115,98,238,232,0
1554,115,99,242,232,0
1555,115,100,234,233,0
1556,115,101,263,231,0
1557,115,102,240,225,0
1558,115,103,258,230,0
1559,115,104,241,230,0
1560,116,1,327,352,0
1561,116,2,330,349,0
1562,116,3,329,346,0
1563,116,4,329,351,0
1564,116,5,329,348,0
1565,116,6,357,355,0
1566,116,7,331,354,0
1567,116,8,331,426,0
1568,116,9,329,354,0
1569,116,10,333,355,0
1570,116,11,330,424,0
1571,116,12,331,354,0
1572,116,13,328,354,0
1573,116,14,336,357,0
1574,116,15,328,353,0
1575,116,16,325,359,0
1576,116,17,338,355,0
1577,116,18,329,353,0
1578,116,19,332,357,0
1579,116,20,333,352,0
1580,116,21,368,357,0
1581,116,22,337,357,0
1582,116,23,336,355,0
1583,116,24,339,358,0
1584,116,25,374,364,0
1585,116,26,372,356,0
1586,116,27,370,358,0
1587,116,28,330,363,0
1588,116,29,336,362,0
1589,116,30,347,357,0
1590,116,31,341,358,0
1591,116,32,373,361,0
1592,116,33,343,356,0
1593,116,34,344,357,0
1594,116,35,338,355,0
1595,116,36,341,439,0
1596,116,37,340,366,0
1597,116,38,340,362,0
1598,116,39,343,429,0
1599,116,40,339,370,0
1600,116,41,347,443,0
1601,116,42,346,372,0
1602,116,43,348,363,0
1603,116,44,341,363,0
1604,116,45,345,441,0
1605,116,46,348,434,0
1606,116,47,343,370,0
1607,116,48,343,369,0
1608,116,49,349,365,0
1609,116,50,378,373,0
1610,116,51,352,369,0
1611,116,52,347,445,0
1612,116,53,383,449,0
1613,116,54,347,367,0
1614,116,55,347,368,0
1615,116,56,346,369,0
1616,116,57,341,374,0
1617,116,58,350,370,0
1618,116,59,347,370,0
1619,116,60,352,371,0
1620,116,61,385,370,0
1621,116,62,355,372,0
1622,116,63,349,377,0
1623,116,64,351,373,0
1624,116,65,352,384,0
1625,116,66,354,370,0
1626,116,67,354,448,0
1627,116,68,350,457,0
1628,116,69,351,382,0
1629,116,70,353,459,0
1630,116,71,390,377,0
1631,116,72,357,375,0
1632,116,73,353,379,0
1633,116,74,355,380,0
1634,116,75,394,450,0
1635,116,76,354,381,0
1636,116,77,352,449,0
1637,116,78,359,379,0
1638,116,79,355,457,0
1639,116,80,400,448,0
1640,116,81,358,378,0
1641,116,82,358,380,0
1642,116,83,355,456,0
1643,116,84,388,384,0
1644,116,85,351,381,0
1645,116,86,394,381,0
1646,116,87,398,386,0
1647,116,88,394,382,0
1648,116,89,362,386,0
1649,116,90,357,388,0
1650,116,91,364,383,0
1651,116,92,363,380,0
1652,116,93,367,386,0
1653,116,94,363,390,0
1654,116,95,360,386,0
1655,116,96,367,388,0
1656,116,97,366,391,0
1657,116,98,365,391,0
1658,116,99,365,392,0
1659,116,100,368,391,0
1660,116,101,405,391,0
1661,116,102,367,387,0
1662,116,103,404,386,0
1663,116,104,363,391,0
1664,117,1,291,319,0
1665,117,2,292,315,0
1666,117,3,291,320,0
1667,117,4,294,316,0
1668,117,5,288,321,0
1669,117,6,291,314,0
1670,117,7,290,321,0
1671,117,8,286,317,0
1672,117,9,294,313,0
1673,117,10,291,315,0
1674,117,11,294,313,0
1675,117,12,291,310,0
1676,117,13,314,312,0
1677,117,14,291,308,0
1678,117,15,286,316,0
1679,117,16,285,315,0
1680,117,17,283,317,0
1681,117,18,285,306,0
1682,117,19,311,311,0
1683,117,20,282,314,0
1684,117,21,287,303,0
1685,117,22,285,308,0
1686,117,23,280,313,0
1687,117,24,307,309,0
1688,117,25,286,307,0
1689,117,26,315,309,0
1690,117,27,283,366,0
1691,117,28,278,309,0
1692,117,29,283,305,0
1693,117,30,282,309,0
1694,117,31,285,361,0
1695,117,32,280,306,0
1696,117,33,309,301,0
1697,117,34,282,302,0
1698,117,35,280,308,0
1699,117,36,303,301,0
1700,117,37,284,302,0
1701,117,38,273,301,0
1702,117,39,279,302,0
1703,117,40,273,306,0
1704,117,41,279,302,0
1705,117,42,278,299,0
1706,117,43,275,298,0
1707,117,44,273,303,0
1708,117,45,274,301,0
1709,117,46,271,303,0
1710,117,47,276,304,0
1711,117,48,275,299,0
1712,117,49,279,295,0
1713,117,50,302,298,0
1714,117,51,274,297,0
1715,117,52,269,294,0
1716,117,53,274,295,0
1717,117,54,279,287,0
1718,117,55,270,300,0
1719,117,56,273,298,0
1720,117,57,270,363,0
1721,117,58,271,296,0
1722,117,59,265,297,0
1723,117,60,269,290,0
1724,117,61,274,297,0
1725,117,62,269,293,0
1726,117,63,293,290,0
1727,117,64,264,295,0
1728,117,65,291,296,0
1729,117,66,269,347,0
1730,117,67,267,292,0
1731,117,68,295,290,0
1732,117,69,270,291,0
1733,117,70,268,351,0
1734,117,71,293,290,0
1735,117,72,270,291,0
1736,117,73,274,288,0
1737,117,74,263,293,0
1738,117,75,264,283,0
1739,117,76,264,287,0
1740,117,77,265,291,0
1741,117,78,271,345,0
1742,117,79,258,283,0
1743,117,80,261,289,0
1744,117,81,259,288,0
1745,117,82,268,342,0
1746,117,83,259,283,0
1747,117,84,268,337,0
1748,117,85,266,337,0
1749,117,86,265,279,0
1750,117,87,258,352,0
1751,117,88,267,287,0
1752,117,89,261,285,0
1753,117,90,258,289,0
1754,117,91,287,281,0
1755,117,92,268,279,0
1756,117,93,257,343,0
1757,117,94,254,336,0
1758,117,95,256,287,0
1759,117,96,260,279,0
1760,117,97,258,337,0
1761,117,98,259,283,0
1762,117,99,257,281,0
1763,117,100,289,281,0
1764,117,101,253,286,0
1765,117,102,254,280,0
1766,117,103,253,280,0
1767,117,104,256,282,0
1768,118,1,279,276,0
1769,118,2,283,275,0
1770,118,3,280,276,0
1771,118,4,283,278,0
1772,118,5,287,273,0
1773,118,6,280,286,0
1774,118,7,280,281,0
1775,118,8,285,278,0
1776,118,9,286,283,0
1777,118,10,281,285,0
1778,118,11,282,279,0
1779,118,12,285,279,0
1780,118,13,320,276,0
1781,118,14,287,284,0
1782,118,15,281,284,0
1783,118,16,284,282,0
1784,118,17,286,286,0
1785,118,18,282,282,0
1786,118,19,315,288,0
1787,118,20,288,280,0
1788,118,21,285,284,0
1789,118,22,285,283,0
1790,118,23,282,285,0
1791,118,24,319,280,0
1792,118,25,293,287,0
1793,118,26,319,288,0
1794,118,27,292,346,0
1795,118,28,290,287,0
1796,118,29,294,289,0
1797,118,30,293,283,0
1798,118,31,294,349,0
1799,118,32,288,289,0
1800,118,33,321,296,0
1801,118,34,293,286,0
1802,118,35,290,296,0
1803,118,36,321,290,0
1804,118,37,296,289,0
1805,118,38,296,286,0
1806,118,39,299,294,0
1807,118,40,295,289,0
1808,118,41,295,291,0
1809,118,42,299,294,0
1810,118,43,302,290,0
1811,118,44,298,292,0
1812,118,45,297,293,0
1813,118,46,294,297,0
1814,118,47,297,301,0
1815,118,48,301,295,0
1816,118,49,295,298,0
1817,118,50,331,288,0
1818,118,51,303,295,0
1819,118,52,301,294,0
1820,118,53,298,293,0
1821,118,54,305,291,0
1822,118,55,300,294,0
1823,118,56,299,297,0
1824,118,57,298,355,0
1825,118,58,301,298,0
1826,118,59,304,299,0
1827,118,60,305,301,0
1828,118,61,309,302,0
1829,118,62,301,296,0
1830,118,63,332,301,0
1831,118,64,307,303,0
1832,118,65,341,299,0
1833,118,66,309,359,0
1834,118,67,305,302,0
1835,118,68,339,296,0
1836,118,69,308,303,0
1837,118,70,308,366,0
1838,118,71,331,306,0
1839,118,72,308,307,0
1840,118,73,308,308,0
1841,118,74,310,303,0
1842,118,75,304,308,0
1843,118,76,310,303,0
1844,118,77,307,307,0
1845,118,78,318,364,0
1846,118,79,313,302,0
1847,118,80,311,308,0
1848,118,81,309,306,0
1849,118,82,311,371,0
1850,118,83,315,304,0
1851,118,84,310,370,0
1852,118,85,314,366,0
1853,118,86,311,309,0
1854,118,87,317,373,0
1855,118,88,319,310,0
1856,118,89,308,309,0
1857,118,90,319,317,0
1858,118,91,343,315,0
1859,118,92,312,311,0
1860,118,93,310,374,0
1861,118,94,321,376,0
1862,118,95,319,310,0
1863,118,96,314,321,0
1864,118,97,317,380,0
1865,118,98,318,316,0
1866,118,99,319,315,0
1867,118,100,348,314,0
1868,118,101,313,315,0
1869,118,102,320,316,0
1870,118,103,317,318,0
1871,118,104,318,320,0
1872,119,1,317,348,0
1873,119,2,323,355,0
1874,119,3,313,347,0
1875,119,4,313,413,0
1876,119,5,318,351,0
1877,119,6,317,345,0
1878,119,7,314,350,0
1879,119,8,314,350,0
1880,119,9,344,350,0
1881,119,10,318,357,0
1882,119,11,317,345,0
1883,119,12,321,350,0
1884,119,13,313,352,0
1885,119,14,319,346,0
1886,119,15,316,347,0
1887,119,16,351,345,0
1888,119,17,320,342,0
1889,119,18,315,349,0
1890,119,19,313,345,0
1891,119,20,348,347,0
1892,119,21,315,345,0
1893,119,22,314,346,0
1894,119,23,311,347,0
1895,119,24,314,348,0
1896,119,25,318,343,0
1897,119,26,352,407,0
1898,119,27,311,414,0
1899,119,28,308,347,0
1900,119,29,354,412,0
1901,119,30,313,349,0
1902,119,31,312,340,0
1903,119,32,312,346,0
1904,119,33,343,350,0
1905,119,34,316,349,0
1906,119,35,311,347,0
1907,119,36,310,339,0
1908,119,37,321,339,0
1909,119,38,308,341,0
1910,119,39,311,342,0
1911,119,40,340,407,0
1912,119,41,312,404,0
1913,119,42,312,341,0
1914,119,43,316,340,0
1915,119,44,309,346,0
1916,119,45,338,343,0
1917,119,46,336,338,0
1918,119,47,312,337,0
1919,119,48,312,343,0
1920,119,49,305,402,0
1921,119,50,310,342,0
1922,119,51,305,344,0
1923,119,52,312,342,0
1924,119,53,311,343,0
1925,119,54,309,405,0
1926,119,55,316,348,0
1927,119,56,307,410,0
1928,119,57,313,410,0
1929,119,58,312,342,0
1930,119,59,305,335,0
1931,119,60,305,345,0
1932,119,61,312,336,0
1933,119,62,306,341,0
1934,119,63,309,338,0
1935,119,64,312,341,0
1936,119,65,307,343,0
1937,119,66,306,337,0
1938,119,67,308,344,0
1939,119,68,310,339,0
1940,119,69,303,347,0
1941,119,70,315,336,0
1942,119,71,311,336,0
1943,119,72,313,335,0
1944,119,73,308,338,0
1945,119,74,310,339,0
1946,119,75,309,335,0
1947,119,76,311,342,0
1948,119,77,344,342,0
1949,119,78,338,339,0
1950,119,79,304,337,0
1951,119,80,307,336,0
1952,119,81,305,338,0
1953,119,82,312,340,0
1954,119,83,309,340,0
1955,119,84,305,339,0
1956,119,85,339,335,0
1957,119,86,306,401,0
1958,119,87,309,341,0
1959,119,88,303,334,0
1960,119,89,306,339,0
1961,119,90,305,332,0
1962,119,91,333,334,0
1963,119,92,303,337,0
1964,119,93,336,335,0
1965,119,94,334,335,0
1966,119,95,303,402,0
1967,119,96,301,336,0
1968,119,97,302,332,0
1969,119,98,304,339,0
1970,119,99,330,334,0
1971,119,100,300,335,0
1972,119,101,305,338,0
1973,119,102,305,332,0
1974,119,103,305,405,0
1975,119,104,334,332,0
1976,120,1,303,315,0
1977,120,2,334,323,0
1978,120,3,298,326,0
1979,120,4,301,319,0
1980,120,5,297,383,0
1981,120,6,332,323,0
1982,120,7,300,321,0
1983,120,8,327,324,0
1984,120,9,300,325,0
1985,120,10,306,321,0
1986,120,11,298,323,0
1987,120,12,326,325,0
1988,120,13,301,317,0
1989,120,14,299,315,0
1990,120,15,301,319,0
1991,120,16,296,383,0
1992,120,17,297,319,0
1993,120,18,299,383,0
1994,120,19,300,316,0
1995,120,20,299,321,0
1996,120,21,294,313,0
1997,120,22,326,320,0
1998,120,23,336,313,0
1999,120,24,299,316,0
2000,120,25,320,379,0
2001,120,26,296,383,0
2002,120,27,295,320,0
2003,120,28,299,307,0
2004,120,29,325,315,0
2005,120,30,294,315,0
2006,120,31,297,318,0
2007,120,32,299,312,0
2008,120,33,321,318,0
2009,120,34,300,315,0
2010,120,35,327,311,0
2011,120,36,327,311,0
2012,120,37,295,315,0
2013,120,38,328,313,0
2014,120,39,296,308,0
2015,120,40,296,321,0
2016,120,41,298,313,0
2017,120,42,298,317,0
2018,120,43,292,311,0
2019,120,44,296,310,0
2020,120,45,294,308,0
2021,120,46,294,311,0
2022,120,47,295,315,0
2023,120,48,295,312,0
2024,120,49,321,313,0
2025,120,50,330,318,0
2026,120,51,289,311,0
2027,120,52,321,315,0
2028,120,53,297,310,0
2029,120,54,290,319,0
2030,120,55,297,315,0
2031,120,56,290,311,0
2032,120,57,290,313,0
2033,120,58,290,309,0
2034,120,59,288,312,0
2035,120,60,291,311,0
2036,120,61,291,303,0
2037,120,62,294,315,0
2038,120,63,287,310,0
2039,120,64,293,372,0
2040,120,65,324,315,0
2041,120,66,291,312,0
2042,120,67,324,307,0
2043,120,68,290,375,0
2044,120,69,294,370,0
2045,120,70,321,378,0
2046,120,71,323,310,0
2047,120,72,297,310,0
2048,120,73,323,308,0
2049,120,74,289,303,0
2050,120,75,292,315,0
2051,120,76,292,314,0
2052,120,77,289,311,0
2053,120,78,290,307,0
2054,120,79,297,305,0
2055,120,80,293,308,0
2056,120,81,319,310,0
2057,120,82,285,309,0
2058,120,83,291,308,0
2059,120,84,318,378,0
2060,120,85,295,367,0
2061,120,86,294,308,0
2062,120,87,285,307,0
2063,120,88,294,308,0
2064,120,89,288,305,0
2065,120,90,313,310,0
2066,120,91,289,313,0
2067,120,92,295,366,0
2068,120,93,294,311,0
2069,120,94,293,312,0
2070,120,95,286,306,0
2071,120,96,285,312,0
2072,120,97,289,309,0
2073,120,98,288,306,0
2074,120,99,288,316,0
2075,120,100,319,307,0
2076,120,101,291,305,0
2077,120,102,285,306,0
2078,120,103,288,308,0
2079,120,104,289,307,0
2080,121,1,279,286,0
2081,121,2,280,289,0
2082,121,3,280,287,0
2083,121,4,310,290,0
2084,121,5,284,289,0
2085,121,6,283,288,0
2086,121,7,280,290,0
2087,121,8,286,284,0
2088,121,9,279,286,0
2089,121,10,273,289,0
2090,121,11,309,351,0
2091,121,12,275,286,0
2092,121,13,283,287,0
2093,121,14,286,286,0
2094,121,15,285,288,0
2095,121,16,313,286,0
2096,121,17,288,288,0
2097,121,18,287,290,0
2098,121,19,281,288,0
2099,121,20,279,294,0
2100,121,21,277,290,0
2101,121,22,283,286,0
2102,121,23,311,288,0
2103,121,24,283,291,0
2104,121,25,274,291,0
2105,121,26,283,288,0
2106,121,27,276,297,0
2107,121,28,290,289,0
2108,121,29,281,296,0
2109,121,30,307,349,0
2110,121,31,278,291,0
2111,121,32,317,291,0
2112,121,33,285,288,0
2113,121,34,309,290,0
2114,121,35,281,349,0
2115,121,36,289,291,0
2116,121,37,285,293,0
2117,121,38,288,289,0
2118,121,39,309,292,0
2119,121,40,282,289,0
2120,121,41,310,295,0
2121,121,42,279,351,0
2122,121,43,280,351,0
2123,121,44,313,292,0
2124,121,45,283,351,0
2125,121,46,290,292,0
2126,121,47,285,286,0
2127,121,48,306,289,0
2128,121,49,311,291,0
2129,121,50,287,289,0
2130,121,51,313,294,0
2131,121,52,282,298,0
2132,121,53,286,289,0
2133,121,54,285,292,0
2134,121,55,288,292,0
2135,121,56,290,348,0
2136,121,57,284,294,0
2137,121,58,274,352,0
2138,121,59,313,290,0
2139,121,60,284,289,0
2140,121,61,279,288,0
2141,121,62,313,293,0
2142,121,63,282,289,0
2143,121,64,285,291,0
2144,121,65,287,293,0
2145,121,66,288,285,0
2146,121,67,319,354,0
2147,121,68,285,294,0
2148,121,69,287,299,0
2149,121,70,288,289,0
2150,121,71,281,350,0
2151,121,72,318,292,0
2152,121,73,289,290,0
2153,121,74,287,292,0
2154,121,75,287,290,0
2155,121,76,284,291,0
2156,121,77,277,287,0
2157,121,78,292,288,0
2158,121,79,288,297,0
2159,121,80,314,358,0
2160,121,81,288,349,0
2161,121,82,287,298,0
2162,121,83,287,347,0
2163,121,84,316,292,0
2164,121,85,284,288,0
2165,121,86,283,296,0
2166,121,87,282,294,0
2167,121,88,285,292,0
2168,121,89,291,290,0
2169,121,90,317,288,0
2170,121,91,319,290,0
2171,121,92,321,295,0
2172,121,93,284,297,0
2173,121,94,286,346,0
2174,121,95,290,355,0
2175,121,96,291,296,0
2176,121,97,292,292,0
2177,121,98,291,293,0
2178,121,99,294,288,0
2179,121,100,284,353,0
2180,121,101,291,293,0
2181,121,102,286,293,0
2182,121,103,290,292,0
2183,121,104,312,294,0
